[{"model": "admin.logentry", "pk": 1, "fields": {"action_time": "2021-04-20T21:18:54.651Z", "user": 1, "content_type": 13, "object_id": "1", "object_repr": "Photos object (1)", "action_flag": 1, "change_message": "[{\"added\": {}}]"}}, {"model": "admin.logentry", "pk": 2, "fields": {"action_time": "2021-04-20T21:21:07.977Z", "user": 1, "content_type": 13, "object_id": "2", "object_repr": "Photos object (2)", "action_flag": 1, "change_message": "[{\"added\": {}}]"}}, {"model": "admin.logentry", "pk": 3, "fields": {"action_time": "2021-04-20T21:23:23.882Z", "user": 1, "content_type": 13, "object_id": "3", "object_repr": "Photos object (3)", "action_flag": 1, "change_message": "[{\"added\": {}}]"}}, {"model": "admin.logentry", "pk": 4, "fields": {"action_time": "2021-04-20T21:32:14.252Z", "user": 1, "content_type": 13, "object_id": "4", "object_repr": "Photos object (4)", "action_flag": 1, "change_message": "[{\"added\": {}}]"}}, {"model": "admin.logentry", "pk": 5, "fields": {"action_time": "2021-04-20T21:33:26.748Z", "user": 1, "content_type": 13, "object_id": "5", "object_repr": "Photos object (5)", "action_flag": 1, "change_message": "[{\"added\": {}}]"}}, {"model": "admin.logentry", "pk": 6, "fields": {"action_time": "2021-04-20T21:33:32.818Z", "user": 1, "content_type": 13, "object_id": "5", "object_repr": "Photos object (5)", "action_flag": 2, "change_message": "[{\"changed\": {\"fields\": [\"NE\"]}}]"}}, {"model": "admin.logentry", "pk": 7, "fields": {"action_time": "2021-04-20T21:34:24.525Z", "user": 1, "content_type": 13, "object_id": "6", "object_repr": "Photos object (6)", "action_flag": 1, "change_message": "[{\"added\": {}}]"}}, {"model": "admin.logentry", "pk": 8, "fields": {"action_time": "2021-04-20T21:34:31.467Z", "user": 1, "content_type": 13, "object_id": "6", "object_repr": "Photos object (6)", "action_flag": 2, "change_message": "[{\"changed\": {\"fields\": [\"NE\"]}}]"}}, {"model": "admin.logentry", "pk": 9, "fields": {"action_time": "2021-04-20T21:35:15.158Z", "user": 1, "content_type": 13, "object_id": "7", "object_repr": "Photos object (7)", "action_flag": 1, "change_message": "[{\"added\": {}}]"}}, {"model": "admin.logentry", "pk": 10, "fields": {"action_time": "2021-04-20T21:35:21.357Z", "user": 1, "content_type": 13, "object_id": "7", "object_repr": "Photos object (7)", "action_flag": 2, "change_message": "[{\"changed\": {\"fields\": [\"NE\"]}}]"}}, {"model": "admin.logentry", "pk": 11, "fields": {"action_time": "2021-04-20T21:40:05.660Z", "user": 1, "content_type": 13, "object_id": "8", "object_repr": "Photos object (8)", "action_flag": 1, "change_message": "[{\"added\": {}}]"}}, {"model": "admin.logentry", "pk": 12, "fields": {"action_time": "2021-04-20T21:40:52.701Z", "user": 1, "content_type": 13, "object_id": "9", "object_repr": "Photos object (9)", "action_flag": 1, "change_message": "[{\"added\": {}}]"}}, {"model": "admin.logentry", "pk": 13, "fields": {"action_time": "2021-04-20T21:41:30.778Z", "user": 1, "content_type": 13, "object_id": "10", "object_repr": "Photos object (10)", "action_flag": 1, "change_message": "[{\"added\": {}}]"}}, {"model": "admin.logentry", "pk": 14, "fields": {"action_time": "2021-04-20T21:42:03.316Z", "user": 1, "content_type": 13, "object_id": "11", "object_repr": "Photos object (11)", "action_flag": 1, "change_message": "[{\"added\": {}}]"}}, {"model": "admin.logentry", "pk": 15, "fields": {"action_time": "2021-04-20T21:42:36.413Z", "user": 1, "content_type": 13, "object_id": "12", "object_repr": "Photos object (12)", "action_flag": 1, "change_message": "[{\"added\": {}}]"}}, {"model": "admin.logentry", "pk": 16, "fields": {"action_time": "2021-04-20T21:43:16.983Z", "user": 1, "content_type": 13, "object_id": "13", "object_repr": "Photos object (13)", "action_flag": 1, "change_message": "[{\"added\": {}}]"}}, {"model": "admin.logentry", "pk": 17, "fields": {"action_time": "2021-04-20T21:43:22.546Z", "user": 1, "content_type": 13, "object_id": "12", "object_repr": "Photos object (12)", "action_flag": 2, "change_message": "[{\"changed\": {\"fields\": [\"NE\"]}}]"}}, {"model": "admin.logentry", "pk": 18, "fields": {"action_time": "2021-04-20T21:43:27.328Z", "user": 1, "content_type": 13, "object_id": "11", "object_repr": "Photos object (11)", "action_flag": 2, "change_message": "[{\"changed\": {\"fields\": [\"NE\"]}}]"}}, {"model": "admin.logentry", "pk": 19, "fields": {"action_time": "2021-04-20T21:43:31.617Z", "user": 1, "content_type": 13, "object_id": "10", "object_repr": "Photos object (10)", "action_flag": 2, "change_message": "[]"}}, {"model": "admin.logentry", "pk": 20, "fields": {"action_time": "2021-04-20T21:43:35.111Z", "user": 1, "content_type": 13, "object_id": "9", "object_repr": "Photos object (9)", "action_flag": 2, "change_message": "[]"}}, {"model": "admin.logentry", "pk": 21, "fields": {"action_time": "2021-04-20T21:44:33.014Z", "user": 1, "content_type": 13, "object_id": "14", "object_repr": "Photos object (14)", "action_flag": 1, "change_message": "[{\"added\": {}}]"}}, {"model": "admin.logentry", "pk": 22, "fields": {"action_time": "2021-04-20T21:45:37.928Z", "user": 1, "content_type": 13, "object_id": "15", "object_repr": "Photos object (15)", "action_flag": 1, "change_message": "[{\"added\": {}}]"}}, {"model": "admin.logentry", "pk": 23, "fields": {"action_time": "2021-04-20T21:46:07.186Z", "user": 1, "content_type": 13, "object_id": "16", "object_repr": "Photos object (16)", "action_flag": 1, "change_message": "[{\"added\": {}}]"}}, {"model": "admin.logentry", "pk": 24, "fields": {"action_time": "2021-04-20T21:47:13.008Z", "user": 1, "content_type": 13, "object_id": "17", "object_repr": "Photos object (17)", "action_flag": 1, "change_message": "[{\"added\": {}}]"}}, {"model": "admin.logentry", "pk": 25, "fields": {"action_time": "2021-04-20T21:48:19.197Z", "user": 1, "content_type": 13, "object_id": "18", "object_repr": "Photos object (18)", "action_flag": 1, "change_message": "[{\"added\": {}}]"}}, {"model": "admin.logentry", "pk": 26, "fields": {"action_time": "2021-04-20T21:49:00.089Z", "user": 1, "content_type": 13, "object_id": "19", "object_repr": "Photos object (19)", "action_flag": 1, "change_message": "[{\"added\": {}}]"}}, {"model": "admin.logentry", "pk": 27, "fields": {"action_time": "2021-04-20T21:50:39.035Z", "user": 1, "content_type": 13, "object_id": "19", "object_repr": "Photos object (19)", "action_flag": 2, "change_message": "[]"}}, {"model": "admin.logentry", "pk": 28, "fields": {"action_time": "2021-04-20T21:51:57.453Z", "user": 1, "content_type": 13, "object_id": "20", "object_repr": "Photos object (20)", "action_flag": 1, "change_message": "[{\"added\": {}}]"}}, {"model": "admin.logentry", "pk": 29, "fields": {"action_time": "2021-04-20T21:52:37.507Z", "user": 1, "content_type": 13, "object_id": "21", "object_repr": "Photos object (21)", "action_flag": 1, "change_message": "[{\"added\": {}}]"}}, {"model": "admin.logentry", "pk": 30, "fields": {"action_time": "2021-04-20T21:53:48.227Z", "user": 1, "content_type": 13, "object_id": "22", "object_repr": "Photos object (22)", "action_flag": 1, "change_message": "[{\"added\": {}}]"}}, {"model": "admin.logentry", "pk": 31, "fields": {"action_time": "2021-04-20T21:54:34.079Z", "user": 1, "content_type": 13, "object_id": "23", "object_repr": "Photos object (23)", "action_flag": 1, "change_message": "[{\"added\": {}}]"}}, {"model": "admin.logentry", "pk": 32, "fields": {"action_time": "2021-04-20T21:56:02.965Z", "user": 1, "content_type": 13, "object_id": "24", "object_repr": "Photos object (24)", "action_flag": 1, "change_message": "[{\"added\": {}}]"}}, {"model": "admin.logentry", "pk": 33, "fields": {"action_time": "2021-04-20T21:57:11.166Z", "user": 1, "content_type": 13, "object_id": "25", "object_repr": "Photos object (25)", "action_flag": 1, "change_message": "[{\"added\": {}}]"}}, {"model": "admin.logentry", "pk": 34, "fields": {"action_time": "2021-04-20T21:59:30.505Z", "user": 1, "content_type": 13, "object_id": "26", "object_repr": "Photos object (26)", "action_flag": 1, "change_message": "[{\"added\": {}}]"}}, {"model": "admin.logentry", "pk": 35, "fields": {"action_time": "2021-04-21T16:05:59.200Z", "user": 1, "content_type": 15, "object_id": "1", "object_repr": "Photo object (1)", "action_flag": 1, "change_message": "[{\"added\": {}}]"}}, {"model": "admin.logentry", "pk": 36, "fields": {"action_time": "2021-04-21T16:06:13.825Z", "user": 1, "content_type": 15, "object_id": "2", "object_repr": "Photo object (2)", "action_flag": 1, "change_message": "[{\"added\": {}}]"}}, {"model": "admin.logentry", "pk": 37, "fields": {"action_time": "2021-04-21T17:26:50.498Z", "user": 1, "content_type": 15, "object_id": "3", "object_repr": "Photo object (3)", "action_flag": 1, "change_message": "[{\"added\": {}}]"}}, {"model": "admin.logentry", "pk": 38, "fields": {"action_time": "2021-04-21T17:27:13.013Z", "user": 1, "content_type": 15, "object_id": "4", "object_repr": "Photo object (4)", "action_flag": 1, "change_message": "[{\"added\": {}}]"}}, {"model": "admin.logentry", "pk": 39, "fields": {"action_time": "2021-04-21T17:27:27.678Z", "user": 1, "content_type": 15, "object_id": "5", "object_repr": "Photo object (5)", "action_flag": 1, "change_message": "[{\"added\": {}}]"}}, {"model": "admin.logentry", "pk": 40, "fields": {"action_time": "2021-04-21T17:29:38.357Z", "user": 1, "content_type": 15, "object_id": "6", "object_repr": "Photo object (6)", "action_flag": 1, "change_message": "[{\"added\": {}}]"}}, {"model": "admin.logentry", "pk": 41, "fields": {"action_time": "2021-04-21T17:30:00.205Z", "user": 1, "content_type": 15, "object_id": "7", "object_repr": "Photo object (7)", "action_flag": 1, "change_message": "[{\"added\": {}}]"}}, {"model": "admin.logentry", "pk": 42, "fields": {"action_time": "2021-04-21T17:30:26.658Z", "user": 1, "content_type": 15, "object_id": "8", "object_repr": "Photo object (8)", "action_flag": 1, "change_message": "[{\"added\": {}}]"}}, {"model": "admin.logentry", "pk": 43, "fields": {"action_time": "2021-04-21T17:30:42.314Z", "user": 1, "content_type": 15, "object_id": "9", "object_repr": "Photo object (9)", "action_flag": 1, "change_message": "[{\"added\": {}}]"}}, {"model": "admin.logentry", "pk": 44, "fields": {"action_time": "2021-04-21T17:31:21.514Z", "user": 1, "content_type": 15, "object_id": "10", "object_repr": "Photo object (10)", "action_flag": 1, "change_message": "[{\"added\": {}}]"}}, {"model": "admin.logentry", "pk": 45, "fields": {"action_time": "2021-04-21T17:31:38.162Z", "user": 1, "content_type": 15, "object_id": "11", "object_repr": "Photo object (11)", "action_flag": 1, "change_message": "[{\"added\": {}}]"}}, {"model": "admin.logentry", "pk": 46, "fields": {"action_time": "2021-04-21T17:32:27.072Z", "user": 1, "content_type": 15, "object_id": "12", "object_repr": "Photo object (12)", "action_flag": 1, "change_message": "[{\"added\": {}}]"}}, {"model": "admin.logentry", "pk": 47, "fields": {"action_time": "2021-04-21T17:35:44.525Z", "user": 1, "content_type": 15, "object_id": "13", "object_repr": "Photo object (13)", "action_flag": 1, "change_message": "[{\"added\": {}}]"}}, {"model": "admin.logentry", "pk": 48, "fields": {"action_time": "2021-04-21T17:36:17.032Z", "user": 1, "content_type": 15, "object_id": "14", "object_repr": "Photo object (14)", "action_flag": 1, "change_message": "[{\"added\": {}}]"}}, {"model": "admin.logentry", "pk": 49, "fields": {"action_time": "2021-04-21T17:36:45.387Z", "user": 1, "content_type": 15, "object_id": "15", "object_repr": "Photo object (15)", "action_flag": 1, "change_message": "[{\"added\": {}}]"}}, {"model": "admin.logentry", "pk": 50, "fields": {"action_time": "2021-04-21T17:37:28.204Z", "user": 1, "content_type": 15, "object_id": "16", "object_repr": "Photo object (16)", "action_flag": 1, "change_message": "[{\"added\": {}}]"}}, {"model": "admin.logentry", "pk": 51, "fields": {"action_time": "2021-04-21T17:38:11.946Z", "user": 1, "content_type": 15, "object_id": "17", "object_repr": "Photo object (17)", "action_flag": 1, "change_message": "[{\"added\": {}}]"}}, {"model": "admin.logentry", "pk": 52, "fields": {"action_time": "2021-04-21T17:38:40.897Z", "user": 1, "content_type": 15, "object_id": "18", "object_repr": "Photo object (18)", "action_flag": 1, "change_message": "[{\"added\": {}}]"}}, {"model": "admin.logentry", "pk": 53, "fields": {"action_time": "2021-04-21T17:39:21.133Z", "user": 1, "content_type": 15, "object_id": "19", "object_repr": "Photo object (19)", "action_flag": 1, "change_message": "[{\"added\": {}}]"}}, {"model": "admin.logentry", "pk": 54, "fields": {"action_time": "2021-04-21T17:39:39.430Z", "user": 1, "content_type": 15, "object_id": "20", "object_repr": "Photo object (20)", "action_flag": 1, "change_message": "[{\"added\": {}}]"}}, {"model": "admin.logentry", "pk": 55, "fields": {"action_time": "2021-04-21T17:40:02.329Z", "user": 1, "content_type": 15, "object_id": "21", "object_repr": "Photo object (21)", "action_flag": 1, "change_message": "[{\"added\": {}}]"}}, {"model": "admin.logentry", "pk": 56, "fields": {"action_time": "2021-04-21T17:40:45.214Z", "user": 1, "content_type": 15, "object_id": "21", "object_repr": "Photo object (21)", "action_flag": 2, "change_message": "[]"}}, {"model": "admin.logentry", "pk": 57, "fields": {"action_time": "2021-04-21T17:41:09.296Z", "user": 1, "content_type": 15, "object_id": "22", "object_repr": "Photo object (22)", "action_flag": 1, "change_message": "[{\"added\": {}}]"}}, {"model": "admin.logentry", "pk": 58, "fields": {"action_time": "2021-04-21T17:41:50.665Z", "user": 1, "content_type": 15, "object_id": "23", "object_repr": "Photo object (23)", "action_flag": 1, "change_message": "[{\"added\": {}}]"}}, {"model": "admin.logentry", "pk": 59, "fields": {"action_time": "2021-04-21T17:42:07.446Z", "user": 1, "content_type": 15, "object_id": "24", "object_repr": "Photo object (24)", "action_flag": 1, "change_message": "[{\"added\": {}}]"}}, {"model": "admin.logentry", "pk": 60, "fields": {"action_time": "2021-04-23T09:36:58.272Z", "user": 1, "content_type": 17, "object_id": "1", "object_repr": "Order object (1)", "action_flag": 2, "change_message": "[{\"changed\": {\"name\": \"order line item\", \"object\": \"OrderLineItem object (1)\", \"fields\": [\"Photo size\", \"Quantity\"]}}, {\"changed\": {\"name\": \"order line item\", \"object\": \"OrderLineItem object (2)\", \"fields\": [\"Photo size\"]}}, {\"changed\": {\"name\": \"order line item\", \"object\": \"OrderLineItem object (3)\", \"fields\": [\"Photo size\"]}}, {\"changed\": {\"name\": \"order line item\", \"object\": \"OrderLineItem object (4)\", \"fields\": [\"Photo size\"]}}]"}}, {"model": "admin.logentry", "pk": 61, "fields": {"action_time": "2021-04-24T13:44:28.324Z", "user": 4, "content_type": 4, "object_id": "3", "object_repr": "callum1", "action_flag": 2, "change_message": "[{\"changed\": {\"fields\": [\"Superuser status\"]}}]"}}, {"model": "auth.user", "pk": 1, "fields": {"password": "pbkdf2_sha256$260000$c2P1j9x5D7gXwDlkddcH9m$89FDhzqwVg1yCjhlwLtLEbSZ4sv6V8L/o53rafHI4+0=", "last_login": "2021-04-23T15:43:02.018Z", "is_superuser": true, "username": "callum", "first_name": "", "last_name": "", "email": "callum.hearne98@gmail.com", "is_staff": true, "is_active": true, "date_joined": "2021-04-20T20:43:53.936Z", "groups": [], "user_permissions": []}}, {"model": "auth.user", "pk": 2, "fields": {"password": "pbkdf2_sha256$260000$OfDIVIAb6ZxwffTX4gwp0Q$BtRzRY85LtOrjzA2ow8n/cIH6b/CzlwkCdOuUGjrt34=", "last_login": "2021-04-21T15:43:12.636Z", "is_superuser": true, "username": "a", "first_name": "", "last_name": "", "email": "a@a.com", "is_staff": true, "is_active": true, "date_joined": "2021-04-21T15:43:03.095Z", "groups": [], "user_permissions": []}}, {"model": "auth.user", "pk": 3, "fields": {"password": "pbkdf2_sha256$260000$bGdpl3jbF99Q8ch5uXrItK$iwYg1CI/IKafAu0GSSBbzBaBNlyTgPY9bD5bIirPh2I=", "last_login": "2021-04-24T13:44:40.432Z", "is_superuser": true, "username": "callum1", "first_name": "", "last_name": "", "email": "ca.hearne@live.co.uk", "is_staff": false, "is_active": true, "date_joined": "2021-04-23T15:46:11Z", "groups": [], "user_permissions": []}}, {"model": "auth.user", "pk": 4, "fields": {"password": "pbkdf2_sha256$260000$2LDTGd5TgMS4SoYmBI7FDG$4f1jbndd8LU6Li/2az85QDR9veB3QoOw4UUJQOu9c2o=", "last_login": "2021-04-24T13:44:13.381Z", "is_superuser": true, "username": "callum2", "first_name": "", "last_name": "", "email": "ca.heanrne@live.co.uk", "is_staff": true, "is_active": true, "date_joined": "2021-04-24T13:43:49.295Z", "groups": [], "user_permissions": []}}, {"model": "sessions.session", "pk": "4mipcvwcqmmb8zsatdspih552fz6bfkk", "fields": {"session_data": "eyJiYWciOnsiNiI6eyJpdGVtc19ieV9zaXplIjp7Ijh4MTAiOjJ9fX19:1lZhJP:1PiSeAhbkeFhdrB8rox0XJfXPaqCTOVp66FGWQbmCJM", "expire_date": "2021-05-06T21:56:39.972Z"}}, {"model": "sessions.session", "pk": "6h4b60lpfxa1nwyyr5th85s0i2esml0d", "fields": {"session_data": "e30:1lZxms:PSwPYDcQaatvIYWzC7X28cgC568ucQaddv8Mn15o-og", "expire_date": "2021-05-07T15:32:10.546Z"}}, {"model": "sessions.session", "pk": "6ui4rvn8ae9sv0c8zzud2ec9ixfpqefp", "fields": {"session_data": "e30:1lZxv4:8gjzKp4sZ03Jkn8ByernipwmZ1FaKLgo9vw78cESRm4", "expire_date": "2021-05-07T15:40:38.770Z"}}, {"model": "sessions.session", "pk": "dl4zqt8gq85jbzg6p9mzloev19z27rzk", "fields": {"session_data": "e30:1lZxnJ:Z6FZ-dZzO_UEGsnv3c_AinXuSsHIRoTw6ztGXkuvYk8", "expire_date": "2021-05-07T15:32:37.782Z"}}, {"model": "sessions.session", "pk": "fskor5quqoqpgvqdbqayxavbtow89j32", "fields": {"session_data": ".eJxVjssOgyAQRf-FtTG8RGDZfb-BwDBW-tBENGlr-u-FxEU7y3PuvZmdOL-to9syLi5FYgkjzS8LHm44VRGvfrrMLczTuqTQ1kh72Nye54j305H9Gxh9HktbDjoohA6iVjoAoBGSgRdCxa4zHnrgoOiAgSkmpOaScg8ajOkpjQGHMhr8hdi9PGh1QzixrCGigrTiI7vwcjm9sQL9ZLToT7kvGyZHpQ:1lZXvp:wooQNINq_vcmH7iHFlBOR32_dw1cdjsaEMTkRgxwGZo", "expire_date": "2021-05-06T11:55:41.601Z"}}, {"model": "sessions.session", "pk": "hzcoqpd8t5klv0getszgx2breti6s8kz", "fields": {"session_data": "e30:1lZxmw:wIQQxfsC_JBLr9z2y4n2zn2rL8TksdoVhMazv6z0WxU", "expire_date": "2021-05-07T15:32:14.179Z"}}, {"model": "sessions.session", "pk": "qmaaq4e9761oem8a3298tmgpbjss6d65", "fields": {"session_data": "e30:1lZxxN:XBNcOZQo1KWN3T_yL0gUpMDYh_6EdMx72aIyKYZSkV4", "expire_date": "2021-05-07T15:43:01.971Z"}}, {"model": "sessions.session", "pk": "sjdczgqoy16933l1thmind87y6ba4tto", "fields": {"session_data": ".eJxVjDsOwyAQBe9CHaHls9ikTO8zoGXBwUmEJWNXUe4eIblI2jcz7y0CHXsJR8tbWJK4Ci0uv1skfubaQXpQva-S17pvS5RdkSdtclpTft1O9--gUCu9RoMzzCZaBM6ImnREyBYVjT4adDCw046VI_LgLQAwRT1az4NBUuLzBctXNvM:1lZF0S:ZEWMak4Pq7LOnC7ACS_vB2v8ePIIYLPQSxtRfZeMXJM", "expire_date": "2021-05-05T15:43:12.654Z"}}, {"model": "sessions.session", "pk": "whp6ulo7vf1tktlm1gh0apa2wonn2h3f", "fields": {"session_data": "e30:1lZxuz:IifHLJrvG-3dxj4ObjhDn0dqxF6X8zIkzTMaCqF60IE", "expire_date": "2021-05-07T15:40:33.391Z"}}, {"model": "sessions.session", "pk": "y4t6h1x6fe0v5g6pywgyha33vbucz6rp", "fields": {"session_data": ".eJxVTjkOgzAQ_ItrhLxghKFMnzdYXu8CzgERBgmC8vfYEkUyxRRzaQ5h7LoMZg08G0-iFaXIfjW07s5jMuhmx37K3TQus8c8RfLTDfl1In5czuzfwGDDENsNNIBgm4pl51RXRAAp1AigdYeMhbROlVoRadYkoSYlFamubipAWaTRwCH4aTS8vfy8i1ZmAm0v2iOejuQXfgaDuwn-zUnQG0jRwifiC5EzS-8:1laJMy:ck491GSMo_THdO5AsAcBnUlS9nTn4fP5SzppGmlRtLA", "expire_date": "2021-05-08T14:34:52.535Z"}}, {"model": "sessions.session", "pk": "ywiy6qkyr9vy1tq4w81igsxu6zsqt6yl", "fields": {"session_data": ".eJyrVoovTi0uzszPi0-tKMgsqlSyMtBRSkpMV7KqVjIGEZklqbnF8UmV8cWZVakgAYsKQwMlK8PaWh0lc6wKDM0qjGAqDPEbUVsLAOaCKl8:1lZxmd:wUcnUMVKUs6iCbb5pCqFvudYK3KtCwO3yxYXtQDbHpg", "expire_date": "2021-05-07T15:31:55.669Z"}}, {"model": "sites.site", "pk": 1, "fields": {"domain": "example.com", "name": "example.com"}}, {"model": "account.emailaddress", "pk": 1, "fields": {"user": 1, "email": "callum.hearne98@gmail.com", "verified": true, "primary": true}}, {"model": "account.emailaddress", "pk": 2, "fields": {"user": 3, "email": "ca.hearne@live.co.uk", "verified": true, "primary": true}}, {"model": "photos.photo", "pk": 1, "fields": {"Location": "Alnwick", "desc": "Test", "price": "10.00", "has_sizes": true, "img": "media/Alnwick_xXBCY6f.JPG", "NE": true}}, {"model": "photos.photo", "pk": 2, "fields": {"Location": "Humbleton Hill", "desc": "Test", "price": "12.00", "has_sizes": true, "img": "media/Humbleton_Hill_YhXJwy8.JPG", "NE": true}}, {"model": "photos.photo", "pk": 3, "fields": {"Location": "Marsden", "desc": "Testing", "price": "12.00", "has_sizes": true, "img": "media/Marsden_Wz0dsII.JPG", "NE": true}}, {"model": "photos.photo", "pk": 4, "fields": {"Location": "Dr Neils Garden", "desc": "Testing", "price": "13.00", "has_sizes": true, "img": "media/Dr_Neils_Garden_lhXdF4n.jpg", "NE": true}}, {"model": "photos.photo", "pk": 5, "fields": {"Location": "Bolten Abbey", "desc": "Testing", "price": "12.00", "has_sizes": true, "img": "media/Bolton_Abbey_ugQ40tg.JPG", "NE": true}}, {"model": "photos.photo", "pk": 6, "fields": {"Location": "Bolten Abbey", "desc": "Testing", "price": "11.00", "has_sizes": true, "img": "media/Bolton_Abbey1_Vz6r5HJ.JPG", "NE": false}}, {"model": "photos.photo", "pk": 7, "fields": {"Location": "Isle of Man", "desc": "Testing", "price": "15.00", "has_sizes": true, "img": "media/Isle_of_Man_Hk5yeaD.JPG", "NE": true}}, {"model": "photos.photo", "pk": 8, "fields": {"Location": "Isle of Man", "desc": "Testing", "price": "17.00", "has_sizes": true, "img": "media/Isle_of_Man1_cQomeHA.JPG", "NE": true}}, {"model": "photos.photo", "pk": 9, "fields": {"Location": "Isle of Man", "desc": "Testing", "price": "14.00", "has_sizes": true, "img": "media/Isle_of_Man2_UAXby1b.JPG", "NE": true}}, {"model": "photos.photo", "pk": 10, "fields": {"Location": "Dr Neils Garden", "desc": "Testing", "price": "13.00", "has_sizes": true, "img": "media/Dr_Neils_Garden1_Wl2w3OY.jpg", "NE": false}}, {"model": "photos.photo", "pk": 11, "fields": {"Location": "Laxey Wheel", "desc": "Testing", "price": "16.00", "has_sizes": true, "img": "media/Laxey_Wheel_izfFpzU.JPG", "NE": false}}, {"model": "photos.photo", "pk": 12, "fields": {"Location": "Hawthrone Dene", "desc": "Testing", "price": "12.00", "has_sizes": true, "img": "media/Hawthrone_Dene_cniZE12.JPG", "NE": false}}, {"model": "photos.photo", "pk": 13, "fields": {"Location": "Skipton Castle", "desc": "Testing", "price": "9.00", "has_sizes": true, "img": "media/Skipton_Castle_Wxq1fVM.jpg", "NE": false}}, {"model": "photos.photo", "pk": 14, "fields": {"Location": "Yorshire Dales", "desc": "Testing", "price": "12.00", "has_sizes": true, "img": "media/Yorkshire_Dales_EuJG8GT.JPG", "NE": false}}, {"model": "photos.photo", "pk": 15, "fields": {"Location": "Alnwick", "desc": "Testing", "price": "12.00", "has_sizes": true, "img": "media/Alnwick1_PQFkOSP.JPG", "NE": false}}, {"model": "photos.photo", "pk": 16, "fields": {"Location": "Big Water", "desc": "Testing", "price": "11.00", "has_sizes": true, "img": "media/Big_Water_bQMuhFO.JPG", "NE": true}}, {"model": "photos.photo", "pk": 17, "fields": {"Location": "Byemoor", "desc": "Testing", "price": "12.00", "has_sizes": true, "img": "media/Byemoor_Walk_MCjIYha.JPG", "NE": true}}, {"model": "photos.photo", "pk": 18, "fields": {"Location": "Carr Edge", "desc": "Testing", "price": "14.00", "has_sizes": true, "img": "media/Carr_Edge_Walk_0IpmD7D.JPG", "NE": true}}, {"model": "photos.photo", "pk": 19, "fields": {"Location": "Craster", "desc": "Testing", "price": "11.00", "has_sizes": true, "img": "media/Craster_kJsqZuw.JPG", "NE": true}}, {"model": "photos.photo", "pk": 20, "fields": {"Location": "Derwent Walk Bridge", "desc": "Testing", "price": "12.00", "has_sizes": true, "img": "media/Nine_Arches_43yjHAk.JPG", "NE": true}}, {"model": "photos.photo", "pk": 21, "fields": {"Location": "Derwent Walk Stream", "desc": "Testing", "price": "10.00", "has_sizes": true, "img": "media/Derwent_Walk_2_EURnYQE.JPG", "NE": true}}, {"model": "photos.photo", "pk": 22, "fields": {"Location": "Derwent Walk Bridge", "desc": "Testing", "price": "13.00", "has_sizes": true, "img": "media/Derwent_Walk_KTPOcki.JPG", "NE": true}}, {"model": "photos.photo", "pk": 23, "fields": {"Location": "Humbleton Hill", "desc": "Testing", "price": "12.00", "has_sizes": true, "img": "media/Humbleton_Hill1_NaghsDC.JPG", "NE": true}}, {"model": "photos.photo", "pk": 24, "fields": {"Location": "Newbrough", "desc": "Testing", "price": "12.00", "has_sizes": true, "img": "media/Newbrough_sqWYVMM.JPG", "NE": true}}, {"model": "checkout.order", "pk": 1, "fields": {"order_number": "DF62CF99414E4B48A6A81FCDC6E5D560", "user_profile": null, "full_name": "Callum A Hearne", "email": "callum.hearne98@gmail.com", "phone_number": "07534524161", "country": "United Kingdom", "postcode": "NE8 1YN", "town_or_city": "Newcastle", "street_address1": "23 Liddel Terrace", "street_address2": "Bensham", "county": "Tyne and Wear", "date": "2021-04-23T09:28:54.083Z", "delivery_cost": "0.00", "order_total": "173.00", "grand_total": "173.00", "original_bag": "", "stripe_pid": ""}}, {"model": "checkout.order", "pk": 2, "fields": {"order_number": "8C1330DC8FD449DDA1D7ADE39FE6836A", "user_profile": null, "full_name": "Callum A Hearne", "email": "callum.hearne98@gmail.com", "phone_number": "07534524161", "country": "United Kingdom", "postcode": "NE8 1YN", "town_or_city": "Newcastle", "street_address1": "23 Liddel Terrace", "street_address2": "Bensham", "county": "Tyne and Wear", "date": "2021-04-23T09:49:12.218Z", "delivery_cost": "2.60", "order_total": "26.00", "grand_total": "28.60", "original_bag": "", "stripe_pid": ""}}, {"model": "checkout.order", "pk": 3, "fields": {"order_number": "33ADD456E65F4237A0D1D2D4FEEF3050", "user_profile": null, "full_name": "Callum A Hearne", "email": "callum.hearne98@gmail.com", "phone_number": "07534524161", "country": "United Kingdom", "postcode": "NE8 1YN", "town_or_city": "Newcastle", "street_address1": "23 Liddel Terrace", "street_address2": "Bensham", "county": "Tyne and Wear", "date": "2021-04-23T10:00:57.235Z", "delivery_cost": "1.20", "order_total": "12.00", "grand_total": "13.20", "original_bag": "", "stripe_pid": ""}}, {"model": "checkout.order", "pk": 4, "fields": {"order_number": "FBED0496B4BD42E4BA018A2D805CFB56", "user_profile": null, "full_name": "Callum A Hearne", "email": "callum.hearne98@gmail.com", "phone_number": "07534524161", "country": "United Kingdom", "postcode": "NE8 1YN", "town_or_city": "Newcastle", "street_address1": "23 Liddel Terrace", "street_address2": "Bensham", "county": "Tyne and Wear", "date": "2021-04-23T10:05:15.046Z", "delivery_cost": "1.20", "order_total": "12.00", "grand_total": "13.20", "original_bag": "", "stripe_pid": ""}}, {"model": "checkout.order", "pk": 5, "fields": {"order_number": "E35827DB606644BC8504AD4CD23F3581", "user_profile": null, "full_name": "Callum A Hearne", "email": "callum.hearne98@gmail.com", "phone_number": "07534524161", "country": "United Kingdom", "postcode": "NE8 1YN", "town_or_city": "Newcastle", "street_address1": "23 Liddel Terrace", "street_address2": "Bensham", "county": "Tyne and Wear", "date": "2021-04-23T10:08:19.530Z", "delivery_cost": "3.90", "order_total": "39.00", "grand_total": "42.90", "original_bag": "", "stripe_pid": ""}}, {"model": "checkout.order", "pk": 6, "fields": {"order_number": "0B8B22F85ECB4216B07CA4EBBA6F960F", "user_profile": null, "full_name": "Callum A Hearne", "email": "callum.hearne98@gmail.com", "phone_number": "07534524161", "country": "United Kingdom", "postcode": "NE8 1YN", "town_or_city": "Newcastle", "street_address1": "23 Liddel Terrace", "street_address2": "Bensham", "county": "Tyne and Wear", "date": "2021-04-23T12:12:54.420Z", "delivery_cost": "0.00", "order_total": "71.00", "grand_total": "71.00", "original_bag": "", "stripe_pid": ""}}, {"model": "checkout.order", "pk": 7, "fields": {"order_number": "C3FDAC34BC264EA29042537E62DCD497", "user_profile": null, "full_name": "Callum A Hearne", "email": "callum.hearne98@gmail.com", "phone_number": "0753452416a", "country": "GB", "postcode": "NE8 1YN", "town_or_city": "Newcastle", "street_address1": "23 Liddel Terrace", "street_address2": "Bensham", "county": "Tyne and Wear", "date": "2021-04-23T13:04:05.398Z", "delivery_cost": "1.70", "order_total": "17.00", "grand_total": "18.70", "original_bag": "", "stripe_pid": ""}}, {"model": "checkout.order", "pk": 8, "fields": {"order_number": "BB3BFF180BBC4FBEAD937C62C95DAB2B", "user_profile": null, "full_name": "Callum A Hearne", "email": "callum.hearne98@gmail.com", "phone_number": "07534524161", "country": "GB", "postcode": "NE8 1YN", "town_or_city": "Newcastle", "street_address1": "23 Liddel Terrace", "street_address2": "Bensham", "county": "Tyne and Wear", "date": "2021-04-23T13:05:35.479Z", "delivery_cost": "1.20", "order_total": "12.00", "grand_total": "13.20", "original_bag": "", "stripe_pid": ""}}, {"model": "checkout.order", "pk": 9, "fields": {"order_number": "72A787BBBA6F4D10BB2C0301AA66552F", "user_profile": null, "full_name": "Callum A Hearne", "email": "callum.hearne98@gmail.com", "phone_number": "07534524161", "country": "GB", "postcode": "NE8 1YN", "town_or_city": "Newcastle", "street_address1": "23 Liddel Terrace", "street_address2": "Bensham", "county": "Tyne and Wear", "date": "2021-04-23T13:18:01.629Z", "delivery_cost": "1.70", "order_total": "17.00", "grand_total": "18.70", "original_bag": "", "stripe_pid": ""}}, {"model": "checkout.order", "pk": 10, "fields": {"order_number": "F3ACFF80FE904EBFB93489E338E98DC3", "user_profile": null, "full_name": "Callum A Hearne", "email": "callum.hearne98@gmail.com", "phone_number": "07534524161", "country": "GB", "postcode": "NE8 1YN", "town_or_city": "Newcastle", "street_address1": "23 Liddel Terrace", "street_address2": "Bensham", "county": "Tyne and Wear", "date": "2021-04-23T13:58:12.955Z", "delivery_cost": "1.70", "order_total": "17.00", "grand_total": "18.70", "original_bag": "{\"8\": {\"items_by_size\": {\"8x10\": 1}}}", "stripe_pid": "pi_1IjPVuFirrQj3BipAlBUOGtt"}}, {"model": "checkout.order", "pk": 11, "fields": {"order_number": "A759989840FE4D45B249B5B3B4CFF210", "user_profile": null, "full_name": "Callum A Hearne", "email": "callum.hearne98@gmail.com", "phone_number": "0753452416a", "country": "GB", "postcode": "NE8 1YN", "town_or_city": "Newcastle", "street_address1": "23 Liddel Terrace", "street_address2": "Bensham", "county": "Tyne and Wear", "date": "2021-04-23T14:05:00.940Z", "delivery_cost": "1.70", "order_total": "17.00", "grand_total": "18.70", "original_bag": "{\"8\": {\"items_by_size\": {\"8x10\": 1}}}", "stripe_pid": "pi_1IjOeQFirrQj3BipDeCXvaV2"}}, {"model": "checkout.order", "pk": 12, "fields": {"order_number": "EF4B44C593944C90BB56331D756159F8", "user_profile": null, "full_name": "Callum A Hearne", "email": "callum.hearne98@gmail.com", "phone_number": "07534524161", "country": "GB", "postcode": "NE8 1YN", "town_or_city": "Newcastle", "street_address1": "23 Liddel Terrace", "street_address2": "Bensham", "county": "Tyne and Wear", "date": "2021-04-23T14:36:29.601Z", "delivery_cost": "2.00", "order_total": "20.00", "grand_total": "22.00", "original_bag": "{\"21\": {\"items_by_size\": {\"8x10\": 2}}}", "stripe_pid": "pi_1IjQ72FirrQj3BipTFCztjXG"}}, {"model": "checkout.order", "pk": 13, "fields": {"order_number": "5B2C6C814F75423EAE0563CAD2D1BBBA", "user_profile": null, "full_name": "Callum A Hearne", "email": "callum.hearne98@gmail.com", "phone_number": "07534524161", "country": "GB", "postcode": "NE8 1YN", "town_or_city": "Newcastle", "street_address1": "23 Liddel Terrace", "street_address2": "Bensham", "county": "Tyne and Wear", "date": "2021-04-23T15:54:38.182Z", "delivery_cost": "4.60", "order_total": "46.00", "grand_total": "50.60", "original_bag": "{\"1\": {\"items_by_size\": {\"8x10\": 1}}, \"2\": {\"items_by_size\": {\"20x30\": 3}}}", "stripe_pid": "pi_1IjRKkFirrQj3BipP739zGVz"}}, {"model": "checkout.order", "pk": 14, "fields": {"order_number": "46BCC1F58F9F430F8E5306E9DEFD68AF", "user_profile": null, "full_name": "Callum A Hearne", "email": "callum.hearne98@gmail.com", "phone_number": "07534524161", "country": "GB", "postcode": "NE8 1YN", "town_or_city": "Newcastle", "street_address1": "23 Liddel Terrace", "street_address2": "Bensham", "county": "Tyne and Wear", "date": "2021-04-23T20:09:10.010Z", "delivery_cost": "1.20", "order_total": "12.00", "grand_total": "13.20", "original_bag": "{\"2\": {\"items_by_size\": {\"8x10\": 1}}}", "stripe_pid": "pi_1IjVJ5FirrQj3BipAAODCGKA"}}, {"model": "checkout.order", "pk": 15, "fields": {"order_number": "D961EECCB92749C3BB0BFCFBE808464D", "user_profile": null, "full_name": "Callum A Hearne", "email": "callum.hearne98@gmail.com", "phone_number": "07534524161", "country": "GB", "postcode": "NE8 1YN", "town_or_city": "Newcastle", "street_address1": "23 Liddel Terrace", "street_address2": "Bensham", "county": "Tyne and Wear", "date": "2021-04-23T20:24:26.120Z", "delivery_cost": "0.00", "order_total": "0.00", "grand_total": "0.00", "original_bag": "{\"2\": {\"items_by_size\": {\"8x10\": 2}}}", "stripe_pid": "pi_1IjVXkFirrQj3BipoTQev8ee"}}, {"model": "checkout.order", "pk": 16, "fields": {"order_number": "26FC3CF2AE3A4F889D970F4EEE0C9DAF", "user_profile": 1, "full_name": "Callum A Hearne", "email": "callum.hearne98@gmail.com", "phone_number": "07534524161", "country": "GB", "postcode": "NE8 1YN", "town_or_city": "Newcastle", "street_address1": "23 Liddel Terrace", "street_address2": "Bensham", "county": "Tyne and Wear", "date": "2021-04-23T20:25:00.813Z", "delivery_cost": "2.40", "order_total": "24.00", "grand_total": "26.40", "original_bag": "{\"2\": {\"items_by_size\": {\"8x10\": 2}}}", "stripe_pid": "pi_1IjVXkFirrQj3BipoTQev8ee"}}, {"model": "checkout.order", "pk": 17, "fields": {"order_number": "6A646279D08B4ED4B204AABA6967CE12", "user_profile": 1, "full_name": "Callum A Hearne", "email": "callum.hearne98@gmail.com", "phone_number": "07534524161", "country": "GB", "postcode": "NE8 1YN", "town_or_city": "Newcastle", "street_address1": "23 Liddel Terrace", "street_address2": "Bensham", "county": "Tyne and Wear", "date": "2021-04-23T20:31:26.189Z", "delivery_cost": "2.40", "order_total": "24.00", "grand_total": "26.40", "original_bag": "{\"2\": {\"items_by_size\": {\"8x10\": 2}}}", "stripe_pid": "pi_1IjVedFirrQj3BipkYCMePHt"}}, {"model": "checkout.order", "pk": 18, "fields": {"order_number": "C3CEA02D97F343789EDCBD5D814016BE", "user_profile": 1, "full_name": "Callum A Hearne", "email": "callum.hearne98@gmail.com", "phone_number": "07534524161", "country": "GB", "postcode": "NE8 1YN", "town_or_city": "Newcastle", "street_address1": "23 Liddel Terrace", "street_address2": "Bensham", "county": "Tyne and Wear", "date": "2021-04-23T20:38:19.003Z", "delivery_cost": "1.00", "order_total": "10.00", "grand_total": "11.00", "original_bag": "{\"1\": {\"items_by_size\": {\"8x10\": 1}}}", "stripe_pid": "pi_1IjVkpFirrQj3BippxiWdJmZ"}}, {"model": "checkout.order", "pk": 19, "fields": {"order_number": "C6AC48F53CEC47818F227FD55B8E4B45", "user_profile": 1, "full_name": "Callum A Hearne", "email": "callum.hearne98@gmail.com", "phone_number": "07534524161", "country": "GB", "postcode": "NE8 1YN", "town_or_city": "Newcastle", "street_address1": "23 Liddel Terrace", "street_address2": "Bensham", "county": "Tyne and Wear", "date": "2021-04-23T20:42:31.259Z", "delivery_cost": "1.30", "order_total": "13.00", "grand_total": "14.30", "original_bag": "{\"4\": {\"items_by_size\": {\"8x10\": 1}}}", "stripe_pid": "pi_1IjVpLFirrQj3BipEGaDl0SV"}}, {"model": "checkout.order", "pk": 20, "fields": {"order_number": "532E300CAEC14981B0F9B5D9C85EBBD8", "user_profile": 1, "full_name": "Callum A Hearne", "email": "ca.hearne@live.co.uk", "phone_number": "07534524161", "country": "GB", "postcode": "NE8 1YN", "town_or_city": "Newcastle", "street_address1": "23 Liddel Terrace", "street_address2": "Bensham", "county": "Tyne and Wear", "date": "2021-04-23T21:02:23.580Z", "delivery_cost": "1.20", "order_total": "12.00", "grand_total": "13.20", "original_bag": "{\"2\": {\"items_by_size\": {\"8x10\": 1}}}", "stripe_pid": "pi_1IjW8XFirrQj3BipuM8NHe8R"}}, {"model": "checkout.order", "pk": 21, "fields": {"order_number": "80E8EC3641B948B2A9F8FBC1A2CA9B1D", "user_profile": 1, "full_name": "Callum A Hearne", "email": "ca.hearne@live.co.uk", "phone_number": "07534524161", "country": "GB", "postcode": "NE8 1YN", "town_or_city": "Newcastle", "street_address1": "23 Liddel Terrace", "street_address2": "Bensham", "county": "Tyne and Wear", "date": "2021-04-23T21:16:25.510Z", "delivery_cost": "1.20", "order_total": "12.00", "grand_total": "13.20", "original_bag": "{\"2\": {\"items_by_size\": {\"8x10\": 1}}}", "stripe_pid": "pi_1IjWM7FirrQj3BipIAtwn4ri"}}, {"model": "checkout.orderlineitem", "pk": 1, "fields": {"order": 1, "photo": 1, "photo_size": "8x10", "quantity": 5, "lineitem_total": "50.00"}}, {"model": "checkout.orderlineitem", "pk": 2, "fields": {"order": 1, "photo": 2, "photo_size": "8x10", "quantity": 2, "lineitem_total": "24.00"}}, {"model": "checkout.orderlineitem", "pk": 3, "fields": {"order": 1, "photo": 11, "photo_size": "8x10", "quantity": 3, "lineitem_total": "48.00"}}, {"model": "checkout.orderlineitem", "pk": 4, "fields": {"order": 1, "photo": 4, "photo_size": "8x10", "quantity": 3, "lineitem_total": "39.00"}}, {"model": "checkout.orderlineitem", "pk": 5, "fields": {"order": 1, "photo": 3, "photo_size": "8x10", "quantity": 1, "lineitem_total": "12.00"}}, {"model": "checkout.orderlineitem", "pk": 6, "fields": {"order": 2, "photo": 4, "photo_size": "16x20", "quantity": 2, "lineitem_total": "26.00"}}, {"model": "checkout.orderlineitem", "pk": 7, "fields": {"order": 3, "photo": 2, "photo_size": "8x10", "quantity": 1, "lineitem_total": "12.00"}}, {"model": "checkout.orderlineitem", "pk": 8, "fields": {"order": 4, "photo": 3, "photo_size": "8x10", "quantity": 1, "lineitem_total": "12.00"}}, {"model": "checkout.orderlineitem", "pk": 9, "fields": {"order": 5, "photo": 4, "photo_size": "8x10", "quantity": 3, "lineitem_total": "39.00"}}, {"model": "checkout.orderlineitem", "pk": 10, "fields": {"order": 6, "photo": 19, "photo_size": "8x10", "quantity": 1, "lineitem_total": "11.00"}}, {"model": "checkout.orderlineitem", "pk": 11, "fields": {"order": 6, "photo": 7, "photo_size": "16x20", "quantity": 4, "lineitem_total": "60.00"}}, {"model": "checkout.orderlineitem", "pk": 12, "fields": {"order": 7, "photo": 8, "photo_size": "8x10", "quantity": 1, "lineitem_total": "17.00"}}, {"model": "checkout.orderlineitem", "pk": 13, "fields": {"order": 8, "photo": 2, "photo_size": "8x10", "quantity": 1, "lineitem_total": "12.00"}}, {"model": "checkout.orderlineitem", "pk": 14, "fields": {"order": 9, "photo": 8, "photo_size": "8x10", "quantity": 1, "lineitem_total": "17.00"}}, {"model": "checkout.orderlineitem", "pk": 15, "fields": {"order": 10, "photo": 8, "photo_size": "8x10", "quantity": 1, "lineitem_total": "17.00"}}, {"model": "checkout.orderlineitem", "pk": 16, "fields": {"order": 11, "photo": 8, "photo_size": "8x10", "quantity": 1, "lineitem_total": "17.00"}}, {"model": "checkout.orderlineitem", "pk": 17, "fields": {"order": 12, "photo": 21, "photo_size": "8x10", "quantity": 2, "lineitem_total": "20.00"}}, {"model": "checkout.orderlineitem", "pk": 18, "fields": {"order": 13, "photo": 1, "photo_size": "8x10", "quantity": 1, "lineitem_total": "10.00"}}, {"model": "checkout.orderlineitem", "pk": 19, "fields": {"order": 13, "photo": 2, "photo_size": "20x30", "quantity": 3, "lineitem_total": "36.00"}}, {"model": "checkout.orderlineitem", "pk": 20, "fields": {"order": 14, "photo": 2, "photo_size": "8x10", "quantity": 1, "lineitem_total": "12.00"}}, {"model": "checkout.orderlineitem", "pk": 21, "fields": {"order": 16, "photo": 2, "photo_size": "8x10", "quantity": 2, "lineitem_total": "24.00"}}, {"model": "checkout.orderlineitem", "pk": 22, "fields": {"order": 17, "photo": 2, "photo_size": "8x10", "quantity": 2, "lineitem_total": "24.00"}}, {"model": "checkout.orderlineitem", "pk": 23, "fields": {"order": 18, "photo": 1, "photo_size": "8x10", "quantity": 1, "lineitem_total": "10.00"}}, {"model": "checkout.orderlineitem", "pk": 24, "fields": {"order": 19, "photo": 4, "photo_size": "8x10", "quantity": 1, "lineitem_total": "13.00"}}, {"model": "checkout.orderlineitem", "pk": 25, "fields": {"order": 20, "photo": 2, "photo_size": "8x10", "quantity": 1, "lineitem_total": "12.00"}}, {"model": "checkout.orderlineitem", "pk": 26, "fields": {"order": 21, "photo": 2, "photo_size": "8x10", "quantity": 1, "lineitem_total": "12.00"}}, {"model": "profiles.userprofile", "pk": 1, "fields": {"user": 3, "default_full_name": "Callum A Hearne", "default_phone_number": "07534524161", "default_street_address1": "23 Liddel Terrace", "default_street_address2": "Bensham", "default_town_or_city": "Newcastle", "default_county": "Tyne and Wear", "default_postcode": "NE8 1YN", "default_country": "GB"}}, {"model": "profiles.userprofile", "pk": 2, "fields": {"user": 4, "default_full_name": null, "default_phone_number": null, "default_street_address1": null, "default_street_address2": null, "default_town_or_city": null, "default_county": null, "default_postcode": null, "default_country": null}}]